Rodada 1
[Dom 31/01]
	Cruzeiro 0 - 0 URT
	Caldense 2 - 0 Boa Esporte
	Villa Nova-MG 2 - 1 Tombense
	América-MG 3 - 0 Tupi
	Uberlândia 0 - 1 Atlético-MG
[Ter 09/02]
	Tricordiano 3 - 0 Guarani-MG

Rodada 2
[Qua 03/02]
	Tombense 1 - 2 Cruzeiro
[Qui 04/02]
	Guarani-MG 3 - 0 América-MG
[Sab 06/02]
	Boa Esporte 2 - 1 Tricordiano
	URT 0 - 1 Villa Nova-MG
	Tupi 0 - 1 Uberlândia
[Qua 10/02]
	Atlético-MG 2 - 0 Caldense

Rodada 3
[Sab 13/02]
	Guarani-MG 0 - 0 Atlético-MG
[Dom 14/02]
	Caldense 0 - 2 Uberlândia
	Cruzeiro 1 - 0 Tupi
	Boa Esporte 1 - 2 URT
	Villa Nova-MG 1 - 2 América-MG
[Qua 02/03]
	Tombense 3 - 1 Tricordiano

Rodada 4
[Sab 20/02]
	América-MG 3 - 1 Caldense
	Tupi 3 - 1 Guarani-MG
	Tricordiano 0 - 1 Cruzeiro
[Dom 21/02]
	URT 1 - 1 Tombense
	Atlético-MG 5 - 1 Boa Esporte
	Uberlândia 1 - 0 Villa Nova-MG

Rodada 5
[Sab 27/02]
	URT 1 - 0 Atlético-MG
	Tombense 0 - 2 Tupi
	Caldense 3 - 1 Tricordiano
[Dom 28/02]
	Uberlândia 2 - 0 Guarani-MG
	Villa Nova-MG 3 - 0 Boa Esporte
	Cruzeiro 1 - 1 América-MG

Rodada 6
[Sab 05/03]
	Tricordiano 1 - 0 América-MG
	Guarani-MG 1 - 1 URT
	Tupi 0 - 1 Villa Nova-MG
[Dom 06/03]
	Boa Esporte 2 - 0 Uberlândia
	Atlético-MG 4 - 1 Tombense
	Caldense 0 - 1 Cruzeiro

Rodada 7
[Sab 12/03]
	Tombense 2 - 1 Guarani-MG
[Dom 13/03]
	Boa Esporte 0 - 1 Tupi
	URT 1 - 0 Tricordiano
	Villa Nova-MG 1 - 1 Caldense
	América-MG 1 - 1 Atlético-MG
[Ter 15/03]
	Cruzeiro 3 - 0 Uberlândia

Rodada 8
[Sab 19/03]
	Guarani-MG 2 - 2 Boa Esporte
	Tombense 2 - 0 América-MG
	Caldense 2 - 0 URT
[Dom 20/03]
	Cruzeiro 3 - 2 Villa Nova-MG
	Uberlândia 0 - 1 Tricordiano
	Tupi 0 - 3 Atlético-MG

Rodada 9
[Sab 26/03]
	América-MG 1 - 0 Uberlândia
	Guarani-MG 1 - 0 Caldense
	Tricordiano 1 - 1 Villa Nova-MG
[Dom 27/03]
	Atlético-MG 0 - 1 Cruzeiro
	Boa Esporte 2 - 1 Tombense
	URT 2 - 1 Tupi

Rodada 10
[Sab 02/04]
	Villa Nova-MG  -  Atlético-MG
	Caldense  -  Tombense
	Tricordiano  -  Tupi
[Dom 03/04]
	Uberlândia  -  URT
	Cruzeiro  -  Guarani-MG
	América-MG  -  Boa Esporte

Rodada 11
[Dom 10/04]
	Atlético-MG  -  Tricordiano
	Guarani-MG  -  Villa Nova-MG
	URT  -  América-MG
	Tombense  -  Uberlândia
	Boa Esporte  -  Cruzeiro
	Tupi  -  Caldense

Semi-finais
[Dom 17/04]
	4º Colocado  -  1º Colocado
	3º Colocado  -  2º Colocado
[Dom 24/04]
	1º Colocado  -  4º Colocado
	2º Colocado  -  3º Colocado

Finais
[Dom 01/05]
	Vencedor Semifinal 2  -  Vencedor Semifinal 1
[Dom 08/05]
	Vencedor Semifinal 1  -  Vencedor Semifinal 2